{"cameraMode":{"drawMode":0,"name":"Shaded","section":"Shading Mode"},"sceneLighting":false,"audioPlay":false,"sceneViewState":{"showFog":true,"showMaterialUpdate":false,"showSkybox":true,"showFlares":true,"showImageEffects":true,"showParticleSystems":true},"in2DMode":false,"pivot":{"x":-0.6336479187011719,"y":0.6755397319793701,"z":3.387800931930542},"rotation":{"x":0.18043193221092225,"y":0.3393477499485016,"z":-0.0664956271648407,"w":0.9207963347434998},"size":6.03779411315918,"orthographic":false}