{"cameraMode":{"drawMode":0,"name":"Shaded","section":"Shading Mode"},"sceneLighting":false,"audioPlay":false,"sceneViewState":{"showFog":true,"showMaterialUpdate":false,"showSkybox":true,"showFlares":true,"showImageEffects":true,"showParticleSystems":true},"in2DMode":false,"pivot":{"x":0.8949999809265137,"y":1.5537195205688477,"z":-0.4220001697540283},"rotation":{"x":-0.0012895027175545693,"y":0.9202752709388733,"z":-0.39125776290893557,"w":-0.0030335967894643547},"size":5.266997337341309,"orthographic":false}