{"cameraMode":{"drawMode":0,"name":"Shaded","section":"Shading Mode"},"sceneLighting":false,"audioPlay":false,"sceneViewState":{"showFog":true,"showMaterialUpdate":false,"showSkybox":true,"showFlares":true,"showImageEffects":true,"showParticleSystems":true},"in2DMode":false,"pivot":{"x":-0.6854934692382813,"y":1.265097975730896,"z":0.9291441440582275},"rotation":{"x":-0.03055443800985813,"y":0.9651793241500855,"z":-0.22395485639572144,"w":-0.13167986273765565},"size":4.383535385131836,"orthographic":false}