{"cameraMode":{"drawMode":0,"name":"Shaded","section":"Shading Mode"},"sceneLighting":false,"audioPlay":false,"sceneViewState":{"showFog":true,"showMaterialUpdate":false,"showSkybox":true,"showFlares":true,"showImageEffects":true,"showParticleSystems":true},"in2DMode":false,"pivot":{"x":37.65779495239258,"y":-291.27734375,"z":-162.63536071777345},"rotation":{"x":0.488444060087204,"y":-0.5115525126457214,"z":0.498523473739624,"w":0.5012093186378479},"size":4291.8583984375,"orthographic":false}