{"cameraMode":{"drawMode":0,"name":"Shaded","section":"Shading Mode"},"sceneLighting":false,"audioPlay":false,"sceneViewState":{"showFog":true,"showMaterialUpdate":false,"showSkybox":true,"showFlares":true,"showImageEffects":true,"showParticleSystems":true},"in2DMode":false,"pivot":{"x":4.112378120422363,"y":0.48475754261016848,"z":-3.361924171447754},"rotation":{"x":0.006231517996639013,"y":0.7215584516525269,"z":-0.006494429428130388,"w":0.6922950148582459},"size":30.092622756958009,"orthographic":false}