{"cameraMode":{"drawMode":0,"name":"Shaded","section":"Shading Mode"},"sceneLighting":false,"audioPlay":false,"sceneViewState":{"showFog":true,"showMaterialUpdate":false,"showSkybox":true,"showFlares":true,"showImageEffects":true,"showParticleSystems":true},"in2DMode":false,"pivot":{"x":0.0,"y":1.5494304895401,"z":-1.7881393432617188e-7},"rotation":{"x":0.14063799381256104,"y":0.8591024875640869,"z":-0.35917896032333376,"w":0.33638447523117068},"size":11.476032257080079,"orthographic":false}