{"cameraMode":{"drawMode":0,"name":"Shaded","section":"Shading Mode"},"sceneLighting":false,"audioPlay":false,"sceneViewState":{"showFog":true,"showMaterialUpdate":false,"showSkybox":true,"showFlares":true,"showImageEffects":true,"showParticleSystems":true},"in2DMode":false,"pivot":{"x":0.8949999809265137,"y":1.5538699626922608,"z":-0.4220001697540283},"rotation":{"x":-0.04612808674573898,"y":0.9457923769950867,"z":-0.2817217707633972,"w":-0.15486057102680207},"size":5.304673671722412,"orthographic":false}