{"cameraMode":{"drawMode":0,"name":"Shaded","section":"Shading Mode"},"sceneLighting":true,"audioPlay":false,"sceneViewState":{"showFog":true,"showMaterialUpdate":false,"showSkybox":true,"showFlares":true,"showImageEffects":true,"showParticleSystems":true},"in2DMode":false,"pivot":{"x":0.849769651889801,"y":0.7395186424255371,"z":-0.8360975980758667},"rotation":{"x":-0.00046647083945572376,"y":0.9984079599380493,"z":-0.05577912554144859,"w":-0.008370359428226948},"size":1.2051286697387696,"orthographic":false}