{"cameraMode":{"drawMode":0,"name":"Shaded","section":"Shading Mode"},"sceneLighting":false,"audioPlay":false,"sceneViewState":{"showFog":true,"showMaterialUpdate":false,"showSkybox":true,"showFlares":true,"showImageEffects":true,"showParticleSystems":true},"in2DMode":false,"pivot":{"x":-0.4711455702781677,"y":-0.8931784629821777,"z":-3.0504989624023439},"rotation":{"x":0.010450313799083233,"y":-0.9736579060554504,"z":0.22316484153270722,"w":0.04559115692973137},"size":1063.2296142578125,"orthographic":false}