{"cameraMode":{"drawMode":0,"name":"Shaded","section":"Shading Mode"},"sceneLighting":false,"audioPlay":false,"sceneViewState":{"showFog":true,"showMaterialUpdate":false,"showSkybox":true,"showFlares":true,"showImageEffects":true,"showParticleSystems":true},"in2DMode":false,"pivot":{"x":-362.2535400390625,"y":-50.96217346191406,"z":-311.78387451171877},"rotation":{"x":0.13815690577030183,"y":-0.7654147148132324,"z":0.17518530786037446,"w":0.6036250591278076},"size":1029.65771484375,"orthographic":false}