{"cameraMode":{"drawMode":0,"name":"Shaded","section":"Shading Mode"},"sceneLighting":false,"audioPlay":false,"sceneViewState":{"showFog":true,"showMaterialUpdate":false,"showSkybox":true,"showFlares":true,"showImageEffects":true,"showParticleSystems":true},"in2DMode":false,"pivot":{"x":2.0789241790771486,"y":1.151618242263794,"z":-2.4430594444274904},"rotation":{"x":-0.014004193246364594,"y":-0.9758211374282837,"z":0.2079896181821823,"w":-0.06570633500814438},"size":5.26747989654541,"orthographic":false}