{"cameraMode":{"drawMode":0,"name":"Shaded","section":"Shading Mode"},"sceneLighting":false,"audioPlay":false,"sceneViewState":{"showFog":true,"showMaterialUpdate":false,"showSkybox":true,"showFlares":true,"showImageEffects":true,"showParticleSystems":true},"in2DMode":false,"pivot":{"x":-2.0469932556152345,"y":-0.004710197448730469,"z":-3.1461997032165529},"rotation":{"x":0.1511612832546234,"y":-0.792336106300354,"z":0.218006432056427,"w":0.5493878722190857},"size":19.269437789916993,"orthographic":false}