{"cameraMode":{"drawMode":0,"name":"Shaded","section":"Shading Mode"},"sceneLighting":false,"audioPlay":false,"sceneViewState":{"showFog":true,"showMaterialUpdate":false,"showSkybox":true,"showFlares":true,"showImageEffects":true,"showParticleSystems":true},"in2DMode":false,"pivot":{"x":-9.910995483398438,"y":2.4804110527038576,"z":8.41331958770752},"rotation":{"x":0.11567824333906174,"y":-0.6259733438491821,"z":0.09460646659135819,"w":0.7653924226760864},"size":35.104095458984378,"orthographic":false}