{"cameraMode":{"drawMode":0,"name":"Shaded","section":"Shading Mode"},"sceneLighting":false,"audioPlay":false,"sceneViewState":{"showFog":true,"showMaterialUpdate":false,"showSkybox":true,"showFlares":true,"showImageEffects":true,"showParticleSystems":true},"in2DMode":false,"pivot":{"x":-507.6231689453125,"y":-14.6705322265625,"z":320.6528625488281},"rotation":{"x":-0.6218087077140808,"y":-0.09328167140483856,"z":0.07495871931314469,"w":-0.7739726305007935},"size":2145.933349609375,"orthographic":false}