{"cameraMode":{"drawMode":0,"name":"Shaded","section":"Shading Mode"},"sceneLighting":false,"audioPlay":false,"sceneViewState":{"showFog":true,"showMaterialUpdate":false,"showSkybox":true,"showFlares":true,"showImageEffects":true,"showParticleSystems":true},"in2DMode":false,"pivot":{"x":-0.07036563754081726,"y":7.3712921142578129,"z":-0.30755773186683657},"rotation":{"x":0.18852227926254273,"y":-0.7593626976013184,"z":0.2512231469154358,"w":0.5698373913764954},"size":15.919879913330079,"orthographic":false}