{"cameraMode":{"drawMode":0,"name":"Shaded","section":"Shading Mode"},"sceneLighting":false,"audioPlay":false,"sceneViewState":{"showFog":true,"showMaterialUpdate":false,"showSkybox":true,"showFlares":true,"showImageEffects":true,"showParticleSystems":true},"in2DMode":false,"pivot":{"x":-1.1920928955078126e-7,"y":0.3315103352069855,"z":0.03353042155504227},"rotation":{"x":-0.0013310512294992805,"y":-0.991445004940033,"z":0.13012345135211945,"w":-0.01014503464102745},"size":2.9866905212402345,"orthographic":false}