{"cameraMode":{"drawMode":0,"name":"Shaded","section":"Shading Mode"},"sceneLighting":false,"audioPlay":false,"sceneViewState":{"showFog":true,"showMaterialUpdate":false,"showSkybox":true,"showFlares":true,"showImageEffects":true,"showParticleSystems":true},"in2DMode":false,"pivot":{"x":-132.91917419433595,"y":3.6406259536743166,"z":-144.90313720703126},"rotation":{"x":-0.5645253658294678,"y":0.16230137646198274,"z":-0.11433782428503037,"w":-0.8011842966079712},"size":1024.35400390625,"orthographic":false}