{"cameraMode":{"drawMode":0,"name":"Shaded","section":"Shading Mode"},"sceneLighting":false,"audioPlay":false,"sceneViewState":{"showFog":true,"showMaterialUpdate":false,"showSkybox":true,"showFlares":true,"showImageEffects":true,"showParticleSystems":true},"in2DMode":false,"pivot":{"x":359.6792907714844,"y":159.5169219970703,"z":126.13116455078125},"rotation":{"x":0.0347064770758152,"y":0.9278542995452881,"z":-0.3604145050048828,"w":0.0893494039773941},"size":365.4736022949219,"orthographic":false}