{"cameraMode":{"drawMode":0,"name":"Shaded","section":"Shading Mode"},"sceneLighting":false,"audioPlay":false,"sceneViewState":{"showFog":true,"showMaterialUpdate":false,"showSkybox":true,"showFlares":true,"showImageEffects":true,"showParticleSystems":true},"in2DMode":false,"pivot":{"x":-43.38240051269531,"y":6.265154838562012,"z":-16.00397491455078},"rotation":{"x":-0.07912548631429672,"y":-0.7137805223464966,"z":0.08172745257616043,"w":-0.6910696625709534},"size":23.193187713623048,"orthographic":false}