{"cameraMode":{"drawMode":0,"name":"Shaded","section":"Shading Mode"},"sceneLighting":false,"audioPlay":false,"sceneViewState":{"showFog":true,"showMaterialUpdate":false,"showSkybox":true,"showFlares":true,"showImageEffects":true,"showParticleSystems":true},"in2DMode":false,"pivot":{"x":12.569364547729493,"y":2.3879542350769045,"z":-6.846284866333008},"rotation":{"x":-0.0013310512294992805,"y":-0.991445004940033,"z":0.13012345135211945,"w":-0.01014503464102745},"size":29.376323699951173,"orthographic":false}