{"cameraMode":{"drawMode":0,"name":"Shaded","section":"Shading Mode"},"sceneLighting":false,"audioPlay":false,"sceneViewState":{"showFog":true,"showMaterialUpdate":false,"showSkybox":true,"showFlares":true,"showImageEffects":true,"showParticleSystems":true},"in2DMode":false,"pivot":{"x":-1324.8519287109375,"y":-490.2928466796875,"z":244.994384765625},"rotation":{"x":-0.23116911947727204,"y":0.1700124740600586,"z":-0.041064634919166568,"w":-0.9570634365081787},"size":1325.3568115234375,"orthographic":false}