{"cameraMode":{"drawMode":0,"name":"Shaded","section":"Shading Mode"},"sceneLighting":false,"audioPlay":false,"sceneViewState":{"showFog":true,"showMaterialUpdate":false,"showSkybox":true,"showFlares":true,"showImageEffects":true,"showParticleSystems":true},"in2DMode":false,"pivot":{"x":238.9304656982422,"y":303.1177978515625,"z":27.751174926757814},"rotation":{"x":-0.2196364402770996,"y":0.7104294300079346,"z":-0.6193344593048096,"w":-0.2519419491291046},"size":62.639862060546878,"orthographic":false}